observation_id,store,raw_rank,queue_rank,title,source_url,final_disposition,canonical_observation_id,expression_family_id,sdc_id,provenance,applicable_runs_completed,na_slots,decision_at,decision_evidence
TRACE-P002-OBS-DTC-S01-04,Boredwalk,4,4,Men's Support Your Local Library T-Shirt,https://www.boredwalk.com/collections/mens-tshirts/products/mens-support-your-local-library-t-shirt,ELIGIBLE,TRACE-P002-OBS-DTC-S01-04,TRACE-P002-EF-001,TRACE-P002-SDC-001,MEDIUM,6,0,2026-09-26T17:49:18.104027+00:00,TRACE-PILOT-002-Origin-Search-Register.csv
TRACE-P002-OBS-DTC-S02-02,Wicked Clothes,2,2,"'Live Fast, Eat Trash' Shirt",https://www.wickedclothes.com/products/live-fast-eat-trash-shirt,ELIGIBLE,TRACE-P002-OBS-DTC-S02-02,TRACE-P002-EF-002,TRACE-P002-SDC-002,MEDIUM,6,0,2026-09-26T17:54:35.625046+00:00,TRACE-PILOT-002-Origin-Search-Register.csv
TRACE-P002-OBS-DTC-S03-01,INTO THE AM,1,1,Lunar Canyon Tee,https://intotheam.com/collections/mens-graphic-t-shirts/products/lunar-canyon-tee?variant=44225029275705,ELIGIBLE,TRACE-P002-OBS-DTC-S03-01,TRACE-P002-EF-003,TRACE-P002-SDC-003,MEDIUM,4,2,2026-09-26T18:02:23.267635+00:00,TRACE-PILOT-002-Origin-Search-Register.csv
TRACE-P002-OBS-DTC-S04-11,Solid Threads,11,9,Slow Down Signature T-Shirt,https://solidthreads.com/collections/mens-t-shirts/products/slow-down-t-shirt,ELIGIBLE,TRACE-P002-OBS-DTC-S04-11,TRACE-P002-EF-004,TRACE-P002-SDC-004,MEDIUM,6,0,2026-09-26T18:34:09.004043+00:00,TRACE-PILOT-002-Origin-Search-Register.csv
TRACE-P002-OBS-DTC-S06-02,AukCliff,2,1,Coastal Waves,https://aukcliff.com/products/coastal-waves-t-shirt,ELIGIBLE,TRACE-P002-OBS-DTC-S06-02,TRACE-P002-EF-005,TRACE-P002-SDC-005,MEDIUM,6,0,2026-09-29T17:41:49.881528+00:00,TRACE-PILOT-002-Origin-Search-Register.csv
TRACE-P002-OBS-DTC-S07-01,SeaMonkey Apparel,1,1,Puff Puff Pass Tee,https://www.seamonkeyapparel.com/collections/staple-tees/products/puff-puff-pass-tee,ELIGIBLE,TRACE-P002-OBS-DTC-S07-01,TRACE-P002-EF-006,,MEDIUM,6,0,2026-09-29T17:41:49.881767+00:00,TRACE-PILOT-002-Origin-Search-Register.csv
TRACE-P002-OBS-DTC-S08-10,RAYGUN,10,6,America Needs National Parks,https://www.raygunsite.com/collections/t-shirts/products/america-needs-national-parks,ELIGIBLE,TRACE-P002-OBS-DTC-S08-10,TRACE-P002-EF-007,,MEDIUM,6,0,2026-10-01T20:54:35Z,TRACE-PILOT-002-Continuation-2026-10-01.md
TRACE-P002-OBS-DTC-S09-02,Pyknic,2,1,EXTRA SPICY TEE,https://pyknic.com/collections/mens-tees/products/extra-spicy-tee,ELIGIBLE,TRACE-P002-OBS-DTC-S09-02,TRACE-P002-EF-008,,MEDIUM,6,0,2026-10-01T21:15:36.784Z,TRACE-PILOT-002-Continuation-2026-10-01.md
TRACE-P002-OBS-DTC-S10-01,Blackbird Supply Co.,1,1,Badlands National Park Women's Rolled Cuff Muscle Shirt Heather Olive,https://www.blackbirdsupply.com/products/badlands-rolled-cuff-shirt-for-women-heather-olive,ELIGIBLE,TRACE-P002-OBS-DTC-S10-01,TRACE-P002-EF-009,,MEDIUM,4,2,2026-10-01T21:15:36.784Z,TRACE-PILOT-002-Continuation-2026-10-01.md
TRACE-P002-OBS-DTC-S12-08,Sloth Hiking Club,8,8,Stump Of Life T-shirt,https://slothhikingclub.com/products/stump-of-life-t-shirt,ELIGIBLE,TRACE-P002-OBS-DTC-S12-08,TRACE-P002-EF-010,,LOW,4,2,2026-10-01T21:15:36.784Z,TRACE-PILOT-002-Continuation-2026-10-01.md
